<Style> <!-- WMComponents.LoadStyle ComponentStyle.XML ~ -->
	<Label>
		<TextColor>000000FF</TextColor>
		<Caption>Label</Caption>
	</Label>
	<Button>
		<Bounds>
			<Width>60</Width>
			<Height>30</Height>
		</Bounds>
		<ClDefault>1010C080</ClDefault>
		<ClHover>EEEE00FF</ClHover>
		<ClPressed>EEEE00FF</ClPressed>
		<ClTextDefault>FFFF00FF</ClTextDefault>
		<ClTextHover>0000FFFF</ClTextHover>
		<ClTextPressed>0000FFFF</ClTextPressed>
		<FontHeight>16</FontHeight>
		<IsRepeating>false</IsRepeating>
		<IsToggle>false</IsToggle>
		<IsFlat>false</IsFlat>
		<Style>3</Style>
		<Effect3D>3</Effect3D>
		<Alignment>left</Alignment>
	</Button>
	<Panel>
		<FillColor>00000000</FillColor>
	</Panel>
	<TreeView>
		<ClDefault>D0D0FF80</ClDefault>
		<ClHover>EEEE0080</ClHover>
		<ClSelected>D0D0FF80</ClSelected>
		<ClTextDefault>000000FF</ClTextDefault>
		<ClTextHover>0000FFFF</ClTextHover>
		<ClTextSelected>0000FFFF</ClTextSelected>		
	</TreeView>	
	<Tabs>
		<ClDefault>1010C080</ClDefault>
		<ClHover>EEEE00FF</ClHover>
		<ClPressed>EEEE00FF</ClPressed>
		<ClTextDefault>FFFF00FF</ClTextDefault>
		<ClTextHover>0000FFFF</ClTextHover>
		<ClTextPressed>0000FFFF</ClTextPressed>	
	</Tabs>
</Style>