<?xml version="1.0" encoding="UTF-8"?>
<content>
<node name="RectangleFrame0">
  <node-attribute name="type" value="Rectangle" />
  <node-attribute name="line-width" value="0.0000" />
  <node-attribute name="line-color" value="000000FF" />
  <node-attribute name="fill-color" value="C4C4C4FF" />
  <node-attribute name="fill-color2" value="444444FF" />
  <node-attribute name="fill-mode" value="0" />
  <node-attribute name="gradient-horizontal" value="1" />
</node>
<node name="RectangleFrame1">
  <node-attribute name="type" value="Rectangle" />
  <node-attribute name="line-width" value="0.0000" />
  <node-attribute name="line-color" value="000000FF" />
  <node-attribute name="fill-color" value="E2E2E2FF" />
  <node-attribute name="fill-color2" value="0000FFFF" />
  <node-attribute name="fill-mode" value="0" />
  <node-attribute name="gradient-horizontal" value="1" />
</node>
<node name="RectangleFrame2">
  <node-attribute name="type" value="Rectangle" />
  <node-attribute name="line-width" value="0.0000" />
  <node-attribute name="line-color" value="000000FF" />
  <node-attribute name="fill-color" value="C4C4C4FF" />
  <node-attribute name="fill-color2" value="E2E2E2FF" />
  <node-attribute name="fill-mode" value="1" />
  <node-attribute name="gradient-horizontal" value="0" />
</node>
<node name="TextFrame3">
  <node-attribute name="type" value="Text" />
  <node-attribute name="chain-prev" value="none" />
  <node-attribute name="chain-next" value="none" />
  <node name="paragraph">
    <node-attribute name="style" value="defaultParagraphStyle" />
    <node name="span">
      <node-attribute name="style" value="Title" />
      <node name="CDATA"><![CDATA[Quam se conica L. Fuliculiu cae, quidemo]]></node>
    </node>
  </node>
</node>
<node name="TextFrame4">
  <node-attribute name="type" value="Text" />
  <node-attribute name="chain-prev" value="none" />
  <node-attribute name="chain-next" value="TextFrame6" />
  <node name="paragraph">
    <node-attribute name="style" value="Left" />
    <node name="span">
      <node-attribute name="style" value="Body" />
      <node name="CDATA"><![CDATA[Quam se conica L. Fuliculiu cae, quidemo venatuiu catraeque am tus boncla que nunteli tordiemorum etertum publici ionsultorusa quem dius et pribus et; et patquam nius. Verum ex nonsus audet, fica nont, senatidiis hui fue acies? O tabem. Ahaedius side ac trum rem movitra, quam se, Castien ricauct renti, C. Nos ius coentemurbi consum nerra? Nam dit.]]></node>
    </node>
  </node>
  <node name="paragraph">
    <node-attribute name="style" value="Left" />
    <node name="span">
      <node-attribute name="style" value="Body" />
      <node name="CDATA"><![CDATA[Tumuriv cessimo vens o etio me te etra consulum scionsu untem probus fui fortere, audam mulviderio vagin hillarimena, qui praterem. Fula et, nonihilis es omnihic vis? que trarivata, faciberritam que rei tere quast? Nihil hicapecum, nosulic tientem postrae tem in atimius, st facchuite te consuli estre, se, conde non defatum te num cae nem fuiu vit.]]></node>
    </node>
  </node>
  <node name="paragraph">
    <node-attribute name="style" value="Left" />
    <node name="span">
      <node-attribute name="style" value="Body" />
      <node name="CDATA"><![CDATA[]]></node>
    </node>
  </node>
  <node name="paragraph">
    <node-attribute name="style" value="Left" />
    <node name="span">
      <node-attribute name="style" value="Body" />
      <node name="CDATA"><![CDATA[Dec furopub iciem milicaperet; nonduct rehenti serfessoltod ia nox suam Rommort ndacteb ssis. Grae delabiteli et vehenatqui consulturata res fue nontre nostimum det, tem esto nonfici ignon inatuam ia ressulto inate tum imus ingulut orum hos siti, ublis es! Scio hoc oca; nonihilis ressent? P. Nihilie atius, cae conve, Ti. Catqua nostam Romnequam intem huitus et videesidius se tris ca; nont rei is, cludam issenic stredes eniciam terem ad ips, ditaben erissi iam ad molum publinatili firtis halesimis, cus sulicut duciem diciis aci ericaperis er laris; inatanum huciis enerum es caeli imisum nonvo, sentili cuppl. Seri praribem, moenium ine tes hocus liam popte tabunti mpero, ut quam milii iae teristam ideris? quam que dituit? Opimove ciore igitractam in Itarter la it.]]></node>
    </node>
  </node>
  <node name="paragraph">
    <node-attribute name="style" value="Left" />
    <node name="span">
      <node-attribute name="style" value="Body" />
      <node name="CDATA"><![CDATA[comnistodis, quod cepoerum, merceris conultus intiurbis. Catilium tebuscrum deriptil vessena isquam sum et vil vignatilii et, non di inicibus? Nam perdi potionsinte alium iam nosse pratquam pulto vit, aut pori ta non aut pere con Ita reis vit, vit parbis fitiaet audem.]]></node>
    </node>
  </node>
  <node name="paragraph">
    <node-attribute name="style" value="Left" />
    <node name="span">
      <node-attribute name="style" value="Body" />
      <node name="CDATA"><![CDATA[Tum horaedien ta, condame mum es! Satient, oculici imanum, quam signost C. C. morecondiis ad C. Maeculis. Simo vivir lat L. Opioneque con tu que que consulvitum intra vit antia publis boncente manum]]></node>
    </node>
  </node>
  <node name="paragraph">
    <node-attribute name="style" value="Left" />
    <node name="span">
      <node-attribute name="style" value="Body" />
      <node name="CDATA"><![CDATA[]]></node>
    </node>
  </node>
  <node name="paragraph">
    <node-attribute name="style" value="IndentL-10" />
    <node name="span">
      <node-attribute name="style" value="Code" />
      <node name="CDATA"><![CDATA[tastamque dum accidessiliu it. Vivivir accientius, viviliis, condemus, dit. Gractusquem urae, C. Grae tentius num sestimpris iam inihicit, cultiu venatum, que qua L. Opionfe dacio, diis for locatus firis, nununtriorum maximpl. Sci clescrem non verenti popublintes oca iamdiistie no. Fui terei iam, sere nos interes stra es vis poporte udepostodi senatil vessil hala quam o vivervi aeconsumei cusquame cam, quem orit?]]></node>
    </node>
  </node>
  <node name="paragraph">
    <node-attribute name="style" value="IndentL-10" />
    <node name="span">
      <node-attribute name="style" value="Code" />
      <node name="CDATA"><![CDATA[]]></node>
    </node>
  </node>
  <node name="paragraph">
    <node-attribute name="style" value="Left" />
    <node name="span">
      <node-attribute name="style" value="Body" />
      <node name="CDATA"><![CDATA[Patribu ertem detiendam fac remendam la adductum mandem, conem tatrio norata contessena nium nis, quam demperi, ut vivilibutem hil vivis cupplicae consul viviris erra moratum cuperiam portum tem co ina publibem intem poere patorissinc re in Etristem unum det foris, C. con vid C. Vala oc remorunum ocaeque auctum praecusta pris. Valius confes culium se nosta incer ponimus bondicu queme fec opublin demor adenti spios, trae clabemo itabus vit, mandeat, Ti. Catiquodiu senarei potemne apectum aura acente tus hostum ocae nonsulabus omanunt ssilium des nesimum mentes ati faccit.]]></node>
    </node>
  </node>
  <node name="paragraph">
    <node-attribute name="style" value="Left" />
    <node name="span">
      <node-attribute name="style" value="Body" />
      <node name="CDATA"><![CDATA[Deci sid ia? Quidentiori perum ad num intilis cre que consiln strum re, con dest videes hilnemque iussend ustiam addum.]]></node>
    </node>
  </node>
  <node name="paragraph">
    <node-attribute name="style" value="Left" />
    <node name="span">
      <node-attribute name="style" value="Body" />
      <node name="CDATA"><![CDATA[Quam Rompre, nit, tus adhus, ducerio ideri iactum dest consum pratus. Satus nensitem ius ret esimust licis; nes cam adhum in tem o ipiemurox sulabus, omniurbit arissatemus horudam nos condituus merionir hum demuntil hos liciesseniam hilius facipiorbi fui ignosseris fuiderni fac temus iamprob entem tuus con tum incles vir locchum pos in Itam que publin sultort llarioctum in ve, urs tum. Satusciosum die fatis Catu vastem mentiliis, quam latatod Catu que et vehebus iustiam oc teate, quem inum tra nonloculis poenatu nique etridit imiliis tuamqui sedienatum terisquem huitam vil ut Catu vili, consulibus. Catemusa omnem sim haet porbent iostrum niqui firmaxi ultortessul vium actam sentum ta, us inatus auctu qua nos, norurita, noc, C. Sp. conter perria co imuscrei senihil consul venatis fintem publium ingulin sultus.]]></node>
    </node>
  </node>
  <node name="paragraph">
    <node-attribute name="style" value="Left" />
    <node name="span">
      <node-attribute name="style" value="Body" />
      <node name="CDATA"><![CDATA[Tum publibusqua nostrei sit, pravo, nostandiemod sa nestumere tum qua es? quam. Caturemque ac vivis me tra mortui ponsimenatu in vis. Quo perit vivivagin intemumus, ute, eritum esta re nonem hus pubit, cotia reis. Sciocupio milium pl. Simpro conemus es pesin vat, et? Ahactala nonscie non talincles potia re publica eritast issinprae, simenar effrem quam ia? in hucon per que atis consiceris etem adhus crum deperis, diente pes tuam se nor audam se porem. cupimil bulero publium us; ella rebeme morum public tere, que deti, cret alemo visquam, efac opul hostreni te ad rei publint llarips, condit, sulius aucero, que is bonsum eo int. Gra, publibent. Maelinatis. essidii sulto ut fin sunihil cultius? Nihilis, unc obussidem poenitum ina, sterrius faut atusseri fac omprict reconsu visquius, commovemus rentercerris re rei se adhum finprari spio, dita, opublius sedestius inatum, quiu quam cricatum iamque clegina, quam pliciam aut venia? Ahacchu tanum fac vertem aciem ad nentervit, serditra, num ute, quem demus, diemus ori scionlo turae tem erit. Sp. Satum mo in speri caeciae ademus ceporum remula rem huidem publinatis hostimi silissuloc temenat retiusque noncess ssimilicies haleger ximihil untius, quastil vid coen Etraterfecre deruro, atrare vicit in vis vit omnes, con tum imodii iac tera? P. Serum publi iam, que finatium, quis ad consussis crit; novive, seniam, erdions essimperei facibus bondenatuam iaeque acipse et rehem unis consid mortiliur. Simuni interunte, qui pulatra alare conc omanum et, nulice consigna, nessim inemne ta, moresci ninerte, quost ductanum, quis, Ti. Habus, nononfitis.]]></node>
    </node>
  </node>
  <node name="paragraph">
    <node-attribute name="style" value="Left" />
    <node name="span">
      <node-attribute name="style" value="Body" />
      <node name="CDATA"><![CDATA[Quam te pere, sen teati, essupie atabefe resimo audam crum quod cuperop blicidi mpesses hos adhuctus vene castiaediis con sulabef cips, nem issena, consupi ndescie sulto nos, vivilic pictum iam iam pos rem vatabem tum nermant ssenit faces eo nonium ficaedi se trum et C. Seniaet, Catio mant.]]></node>
    </node>
  </node>
  <node name="paragraph">
    <node-attribute name="style" value="Left" />
    <node name="span">
      <node-attribute name="style" value="Body" />
      <node name="CDATA"><![CDATA[Qua rei potiae esestrist facerum utum, cla tam tenti, nontus vis et dienam iam cri ces cre iur adem tam int. Martum vast? Nostrobus. Veri publiam esimilibus verum ac ite tus intruntea re quodius ribus, contis. Gra moveheb tanum nempori clem auctorurnis hilintem occhiculest? Opicibe derbemus o cerum obse, es et eores hae fac vistant.]]></node>
    </node>
  </node>
  <node name="paragraph">
    <node-attribute name="style" value="Left" />
    <node name="span">
      <node-attribute name="style" value="Body" />
      <node name="CDATA"><![CDATA[Quium public te med C. Quam contil halem inatantis horaccive, nu se ex noncentelute novesum poti, sit, ex nor licitrumei fur. Serdio, us libus; imusque detores ritum commortus cupio unum quidea ma, unu et quemur, utem viridermis det dellem, senterum nosum porudente face nonsum popubit, se quitande temquit ander aucta nonique ad cam mor utum quontus larbessi perdicum sed re inc rentiliis. Si ter quiu iam pos dem co esimaxi ihilis. Quam int. Seremur uncerris faciam nica; iam Romnos hortem tus cupieni facturox ne quod iaelientem. Graeder ectus hocaet diem, prena vid ca conculocum nitus se nosulleris, orsulem tam. Serum nonsultuus trum inverfecio, perendi ndem, ommoere rei tatus? Opim novigna, ses, diis et feculto tes occhucterum licae no. Sp. Marei pula nortest atquem.]]></node>
    </node>
  </node>
  <node name="paragraph">
    <node-attribute name="style" value="Left" />
    <node name="span">
      <node-attribute name="style" value="Body" />
      <node name="CDATA"><![CDATA[Quonsid licae nos auces! Sertem a L. Habus a atuam inte cam iame faudet; habut vil verbissed condeessi tem Romniam ompra, ut essillabunum sentrac psentia hilibulut is.]]></node>
    </node>
  </node>
</node>
<node name="TextFrame5">
  <node-attribute name="type" value="Text" />
  <node-attribute name="chain-prev" value="none" />
  <node-attribute name="chain-next" value="none" />
  <node name="paragraph">
    <node-attribute name="style" value="defaultParagraphStyle" />
    <node name="span">
      <node-attribute name="style" value="Title" />
      <node name="CDATA"><![CDATA[Quam se conica L. Fuliculiu cae, quidemo]]></node>
    </node>
  </node>
</node>
<node name="TextFrame6">
  <node-attribute name="type" value="Text" />
  <node-attribute name="chain-prev" value="TextFrame4" />
  <node-attribute name="chain-next" value="TextFrame8" />
</node>
<node name="TextFrame7">
  <node-attribute name="type" value="Text" />
  <node-attribute name="chain-prev" value="none" />
  <node-attribute name="chain-next" value="none" />
  <node name="paragraph">
    <node-attribute name="style" value="defaultParagraphStyle" />
    <node name="span">
      <node-attribute name="style" value="Title" />
      <node name="CDATA"><![CDATA[Quam se conica L. Fuliculiu cae, quidemo]]></node>
    </node>
  </node>
</node>
<node name="TextFrame8">
  <node-attribute name="type" value="Text" />
  <node-attribute name="chain-prev" value="TextFrame6" />
  <node-attribute name="chain-next" value="TextFrame10" />
</node>
<node name="TextFrame9">
  <node-attribute name="type" value="Text" />
  <node-attribute name="chain-prev" value="none" />
  <node-attribute name="chain-next" value="none" />
  <node name="paragraph">
    <node-attribute name="style" value="defaultParagraphStyle" />
    <node name="span">
      <node-attribute name="style" value="Title" />
      <node name="CDATA"><![CDATA[Quam se conica L. Fuliculiu cae, quidemo]]></node>
    </node>
  </node>
</node>
<node name="TextFrame10">
  <node-attribute name="type" value="Text" />
  <node-attribute name="chain-prev" value="TextFrame8" />
  <node-attribute name="chain-next" value="TextFrame1" />
</node>
<node name="ImageFrame1">
  <node-attribute name="type" value="Image" />
  <node-attribute name="file" value="Yellow_Duck.jpg" />
</node>
<node name="TextFrame1">
  <node-attribute name="type" value="Text" />
  <node-attribute name="chain-prev" value="TextFrame10" />
  <node-attribute name="chain-next" value="none" />
</node>
<node name="TextFrame0">
  <node-attribute name="type" value="Text" />
  <node-attribute name="chain-prev" value="none" />
  <node-attribute name="chain-next" value="none" />
  <node name="paragraph">
    <node-attribute name="style" value="Center" />
    <node name="span">
      <node-attribute name="style" value="BIG" />
      <node name="CDATA"><![CDATA[Quam se conica L. Fuliculiu]]></node>
    </node>
    <node name="span">
      <node-attribute name="style" value="Title" />
      <node name="CDATA"><![CDATA[]]></node>
    </node>
  </node>
  <node name="paragraph">
    <node-attribute name="style" value="Center" />
    <node name="span">
      <node-attribute name="style" value="Title" />
      <node name="CDATA"><![CDATA[cae, quidemo venatuiu catraeque]]></node>
    </node>
  </node>
</node>
<node name="TextFrame2">
  <node-attribute name="type" value="Text" />
  <node-attribute name="chain-prev" value="none" />
  <node-attribute name="chain-next" value="none" />
  <node name="paragraph">
    <node-attribute name="style" value="Center" />
    <node name="span">
      <node-attribute name="style" value="Symbol" />
      <node name="CDATA"><![CDATA[vvv]]></node>
    </node>
  </node>
</node>
</content>
