<?xml version="1.0" encoding="UTF-8" standalone="yes"?>

<!-- This has been automatically generated by Release.Mod -->

<Packages>
	<Package nr="1" name="Kernel" file="Kernel.zip" description="A2 Kernel" install="undefined"/>
	<Package nr="2" name="Kernel Sources" file="KernelSrc.zip" description="A2 Kernel sources" install="undefined"/>
	<Package nr="3" name="System" file="System.zip" description="System" install="undefined"/>
	<Package nr="4" name="System Sources" file="SystemSrc.zip" description="System sources" install="undefined"/>
	<Package nr="5" name="Drivers" file="Drivers.zip" description="Device Drivers" install="undefined"/>
	<Package nr="6" name="Drivers Sources" file="DriversSrc.zip" description="Device Drivers sources" install="undefined"/>
	<Package nr="7" name="ApplicationsMini" file="ApplicationsMini.zip" description="Minimal applications set" install="undefined"/>
	<Package nr="8" name="ApplicationsMini Sources" file="ApplicationsMiniSrc.zip" description="Minimal applications set sources" install="undefined"/>
	<Package nr="9" name="Applications" file="Applications.zip" description="Applications" install="undefined"/>
	<Package nr="10" name="Applications Sources" file="ApplicationsSrc.zip" description="Applications sources" install="undefined"/>
	<Package nr="11" name="GuiApplicationsMini" file="GuiApplicationsMini.zip" description="Minimal GUI applications set" install="undefined"/>
	<Package nr="12" name="GuiApplicationsMini Sources" file="GuiApplicationsMiniSrc.zip" description="Minimal GUI applications set sources" install="undefined"/>
	<Package nr="13" name="Compiler" file="Compiler.zip" description="Active Oberon Compiler" install="undefined"/>
	<Package nr="14" name="Compiler Sources" file="CompilerSrc.zip" description="Active Oberon Compiler sources" install="undefined"/>
	<Package nr="15" name="GuiApplications" file="GuiApplications.zip" description="Window Manager and Graphical Applications" install="undefined"/>
	<Package nr="16" name="GuiApplications Sources" file="GuiApplicationsSrc.zip" description="Window Manager and Graphical Applications sources" install="undefined"/>
	<Package nr="17" name="Fun" file="Fun.zip" description="Games, Demos and other fun stuff" install="undefined"/>
	<Package nr="18" name="Fun Sources" file="FunSrc.zip" description="Games, Demos and other fun stuff sources" install="undefined"/>
	<Package nr="19" name="Testing" file="Testing.zip" description="Tests and benchmarks" install="undefined"/>
	<Package nr="20" name="Testing Sources" file="TestingSrc.zip" description="Tests and benchmarks sources" install="undefined"/>
	<Package nr="21" name="Education" file="Education.zip" description="Examples and Programs For Education Purposes" install="undefined"/>
	<Package nr="22" name="Education Sources" file="EducationSrc.zip" description="Examples and Programs For Education Purposes sources" install="undefined"/>
	<Package nr="23" name="Build" file="Build.zip" description="Build Tools" install="undefined"/>
	<Package nr="24" name="Build Sources" file="BuildSrc.zip" description="Build Tools sources" install="undefined"/>
	<Package nr="25" name="EFI" file="EFI.zip" description="EFI Boot Loader and API" install="undefined"/>
	<Package nr="26" name="EFI Sources" file="EFISrc.zip" description="EFI Boot Loader and API sources" install="undefined"/>
	<Package nr="27" name="Contributions" file="Contributions.zip" description="Contributions" install="undefined"/>
	<Package nr="28" name="Contributions Sources" file="ContributionsSrc.zip" description="Contributions sources" install="undefined"/>
	<Package nr="29" name="Oberon" file="Oberon.zip" description="Oberon for A2" install="undefined"/>
	<Package nr="30" name="Oberon Sources" file="OberonSrc.zip" description="Oberon for A2 sources" install="undefined"/>
	<Package nr="31" name="OberonGadgets" file="OberonGadgets.zip" description="Oberon Gadgets Framework" install="undefined"/>
	<Package nr="32" name="OberonGadgets Sources" file="OberonGadgetsSrc.zip" description="Oberon Gadgets Framework sources" install="undefined"/>
	<Package nr="33" name="OberonApplications" file="OberonApplications.zip" description="Oberon Applications" install="undefined"/>
	<Package nr="34" name="OberonApplications Sources" file="OberonApplicationsSrc.zip" description="Oberon Applications sources" install="undefined"/>
	<Package nr="35" name="OberonDocumentation" file="OberonDocumentation.zip" description="Oberon Documentation" install="undefined"/>
	<Package nr="36" name="OberonVoyager" file="OberonVoyager.zip" description="Oberon Voyager" install="undefined"/>
	<Package nr="37" name="OberonVoyager Sources" file="OberonVoyagerSrc.zip" description="Oberon Voyager sources" install="undefined"/>
	<Package nr="38" name="OberonAnts" file="OberonAnts.zip" description="OberonAnts" install="undefined"/>
	<Package nr="39" name="OberonAnts Sources" file="OberonAntsSrc.zip" description="OberonAnts sources" install="undefined"/>
	<Package nr="40" name="TrueTypeFonts" file="TrueTypeFonts.zip" description="True-type fonts" install="undefined"/>
	<Package nr="41" name="CjkFonts" file="CjkFonts.zip" description="Chinese, Japanese and Korean Fonts" install="undefined"/>
	<Package nr="42" name="ScreenFonts" file="ScreenFonts.zip" description="Bitmap fonts for screen" install="undefined"/>
	<Package nr="43" name="Pr3Fonts" file="Pr3Fonts.zip" description="Printer Fonts (300DPI)" install="undefined"/>
	<Package nr="44" name="Pr6Fonts" file="Pr6Fonts.zip" description="Printer Fonts (600DPI)" install="undefined"/>
</Packages>
