<Standard:Panel caption=" Develop ">
	<Properties>
		<FillColor>0</FillColor>
	</Properties>
	<Standard:Panel>
		<Properties>
			<Alignment>1</Alignment>
			<Bounds>
				<Width>180</Width>
			</Bounds>
		</Properties>
		<Standard:Button>
			<Properties>
				<Caption>::StartMenu:ButtonTitles:SIDE</Caption>
				<Alignment>2</Alignment>
				<OnClickHandler>X Run</OnClickHandler>
			</Properties>
			<Standard:SystemCommand>
				<Properties>
					<ID>X</ID>
					<CommandString>PET.Open</CommandString>
				</Properties>
			</Standard:SystemCommand>
		</Standard:Button>
		<Standard:Button>
			<Properties>
				<Caption>::StartMenu:ButtonTitles:SOberonFullScr</Caption>
				<Alignment>2</Alignment>
				<OnClickHandler>X Run</OnClickHandler>
			</Properties>
			<Standard:SystemCommand>
				<Properties>
					<ID>X</ID>
					<CommandString>Oberon.Start Oberon 0x0</CommandString>
				</Properties>
			</Standard:SystemCommand>
		</Standard:Button>
	</Standard:Panel>

	<!-- Second column -->
	<Standard:Panel>
		<Properties>
			<Alignment>1</Alignment>
			<Bounds>
				<Width>180</Width>
			</Bounds>
		</Properties>
		<Standard:Button>
			<Properties>
				<Caption>::StartMenu:ButtonTitles:SGUIBuilder</Caption>
				<Alignment>2</Alignment>
				<OnClickHandler>X Run</OnClickHandler>
			</Properties>
			<Standard:SystemCommand>
				<Properties>
					<ID>X</ID>
					<CommandString>WMBuilder.Open</CommandString>
				</Properties>
			</Standard:SystemCommand>
		</Standard:Button>
		<Standard:Button>
			<Properties>
				<Caption>::StartMenu:ButtonTitles:SGUIPatterns</Caption>
				<Alignment>2</Alignment>
				<OnClickHandler>X Run</OnClickHandler>
			</Properties>
			<Standard:SystemCommand>
				<Properties>
					<ID>X</ID>
					<CommandString>Notepad.Open GUIPat.txt</CommandString>
				</Properties>
			</Standard:SystemCommand>
		</Standard:Button>
	</Standard:Panel>

	<!-- 3rd column -->
	<Standard:Panel>
		<Properties>
			<Alignment>1</Alignment>
			<Bounds>
				<Width>180</Width>
			</Bounds>
		</Properties>
		<Standard:Button>
			<Properties>
				<Caption/>
				<Alignment>2</Alignment>
				<OnClickHandler>X Run</OnClickHandler>
			</Properties>
			<Standard:SystemCommand>
				<Properties>
					<ID>X</ID>
					<CommandString/>
				</Properties>
			</Standard:SystemCommand>
		</Standard:Button>
		<Standard:Button>
			<Properties>
				<Caption/>
				<Alignment>2</Alignment>
				<OnClickHandler>X Run</OnClickHandler>
			</Properties>
			<Standard:SystemCommand>
				<Properties>
					<ID>X</ID>
					<CommandString/>
				</Properties>
			</Standard:SystemCommand>
		</Standard:Button>
	</Standard:Panel>

	<!-- 4th column -->
	<Standard:Panel>
		<Properties>
			<Alignment>1</Alignment>
			<Bounds>
				<Width>180</Width>
			</Bounds>
		</Properties>
		<Standard:Button>
			<Properties>
				<Caption/>
				<Alignment>2</Alignment>
				<OnClickHandler>X Run</OnClickHandler>
			</Properties>
			<Standard:SystemCommand>
				<Properties>
					<ID>X</ID>
					<CommandString/>
				</Properties>
			</Standard:SystemCommand>
		</Standard:Button>
		<Standard:Button>
			<Properties>
				<Caption>::StartMenu:ButtonTitles:SReset</Caption>
				<Alignment>2</Alignment>
				<OnClickHandler>X Run</OnClickHandler>
			</Properties>
			<Standard:SystemCommand>
				<Properties>
					<ID>X</ID>
					<CommandString>Reboot.Do</CommandString>
				</Properties>
			</Standard:SystemCommand>
		</Standard:Button>
	</Standard:Panel>
</Standard:Panel>
