<Standard:Panel caption=" Looks ">
	<Properties>	<FillColor>0</FillColor> </Properties>
	<Standard:Panel>
		<Properties>
			<Alignment>1</Alignment>
			<Bounds> <Width>180</Width>	</Bounds>
		</Properties>

		<Standard:Button>
			<Properties>
				<Caption>::StartMenu:ButtonTitles:SBackdrops</Caption>
				<Alignment>2</Alignment>
				<OnClickHandler>X Run</OnClickHandler>
			</Properties>

			<Standard:SystemCommand>
				<Properties>
					<ID>X</ID>
					<CommandString>WMBackdropLoader.Open BackdropList.XML</CommandString>
				</Properties>
			</Standard:SystemCommand>
		</Standard:Button>

		<Standard:Button>
			<Properties>
				<Caption>::StartMenu:ButtonTitles:SSkinLoader</Caption>
				<Alignment>2</Alignment>
				<OnClickHandler>X Run</OnClickHandler>
			</Properties>

			<Standard:SystemCommand>
				<Properties>
					<ID>X</ID>
					<CommandString>WMSkinLoader.Open SkinList.XML</CommandString>
				</Properties>
			</Standard:SystemCommand>
		</Standard:Button>
	</Standard:Panel>

<!-- Second column -->
	<Standard:Panel>
		<Properties>
			<Alignment>1</Alignment>
			<Bounds> <Width>180</Width> </Bounds>
		</Properties>

		<Standard:Button>
			<Properties>
				<Caption>::StartMenu:ButtonTitles:SSkinEditor</Caption>
				<Alignment>2</Alignment>
				<OnClickHandler>X Run</OnClickHandler>
			</Properties>

			<Standard:SystemCommand>
				<Properties>
					<ID>X</ID>
					<CommandString>SkinEditor.Open</CommandString>
				</Properties>
			</Standard:SystemCommand>
		</Standard:Button>

		<Standard:Button>
			<Properties>
				<Caption>::StartMenu:ButtonTitles:SNavigate</Caption>
				<Alignment>2</Alignment>
				<OnClickHandler>X Run</OnClickHandler>
			</Properties>

			<Standard:SystemCommand>
				<Properties>
					<ID>X</ID>
					<CommandString>WMNavigate.Open -vs 1 0 0 Navigation:TaskList </CommandString>
				</Properties>
			</Standard:SystemCommand>
		</Standard:Button>
	</Standard:Panel>

<!-- 3rd column -->
	<Standard:Panel>
		<Properties>
			<Alignment>1</Alignment>
			<Bounds> <Width>180</Width> </Bounds>
		</Properties>

		<Standard:Button>
			<Properties>
				<Caption>::StartMenu:ButtonTitles:SLanguage</Caption>
				<Alignment>2</Alignment>
				<OnClickHandler>X Run</OnClickHandler>
			</Properties>

			<Standard:SystemCommand>
				<Properties>
					<ID>X</ID>
					<CommandString>WMLanguageSwitcher.Open</CommandString>
				</Properties>
			</Standard:SystemCommand>
		</Standard:Button>

		<Standard:Button>
			<Properties>
				<Caption></Caption>
				<Alignment>2</Alignment>
				<OnClickHandler>X Run</OnClickHandler>
			</Properties>

			<Standard:SystemCommand>
				<Properties>
					<ID>X</ID>
					<CommandString></CommandString>
				</Properties>
			</Standard:SystemCommand>
		</Standard:Button>
	</Standard:Panel>

<!-- 4th column -->
	<Standard:Panel>
		<Properties>
			<Alignment>1</Alignment>
			<Bounds>
				<Width>180</Width>
			</Bounds>
		</Properties>

		<Standard:Button>
			<Properties>
				<Caption></Caption>
				<Alignment>2</Alignment>
				<OnClickHandler>X Run</OnClickHandler>
			</Properties>

			<Standard:SystemCommand>
				<Properties>
					<ID>X</ID>
					<CommandString></CommandString>
				</Properties>
			</Standard:SystemCommand>
		</Standard:Button>

		<Standard:Button>
			<Properties>
				<Caption></Caption>
				<Alignment>2</Alignment>
				<OnClickHandler>X Run</OnClickHandler>
			</Properties>

			<Standard:SystemCommand>
				<Properties>
					<ID>X</ID>
					<CommandString></CommandString>
				</Properties>
			</Standard:SystemCommand>
		</Standard:Button>
	</Standard:Panel>

</Standard:Panel>